Workbook

Sheet curva_i (punto 1)
A1: Today | B1: 45748 | E1: ZCB | H1: Coupon bond with maturity 1 ott 27 | N1: Coupon bond with maturity 1 lug 28
A3: Coupon | B3: Maturity | C3: Price | E3: Time to maturity (T) | F3: p(0,T) | G3: i(0,T) | H3: Dates | I3: 45931 | J3: 46113 | K3: 46296 | L3: 46478 | M3: 46661 | N3: Dates | O3: 45839 | P3: 46023 | Q3: 46204 | R3: 46388 | S3: 46569 | T3: 46753 | U3: 46935
A4: no | B4: 45778 | C4: 99.99874 | E4: =1/12 -> 0.083333333 | F4: =C4/100 -> 0.9999874 | G4: =(F4 ^ -(1/E4)) - 1 -> 0.00015121238 | H4: Time to mat | I4: 0.5 | J4: 1 | K4: 1.5 | L4: 2 | M4: 2.5 | N4: Time to mat (T) | O4: =(O3-$B$1)/365 -> 0.24931507 | P4: =(P3-$B$1)/365 -> 0.75342466 | Q4: =(Q3-$B$1)/365 -> 1.2493151 | R4: =(R3-$B$1)/365 -> 1.7534247 | S4: =(S3-$B$1)/365 -> 2.2493151 | T4: =(T3-$B$1)/365 -> 2.7534247 | U4: =(U3-$B$1)/365 -> 3.2520548
A5: no | B5: 45901 | C5: 99.825 | E5: =5/12 -> 0.41666667 | F5: =C5/100 -> 0.99825 | G5: =(F5 ^ -(1/E5)) - 1 -> 0.0042125271 | H5: Payments | I5: =(0.0135*100) -> 1.35 | J5: =(0.0135*100) -> 1.35 | K5: =(0.0135*100) -> 1.35 | L5: =(0.0135*100) -> 1.35 | M5: =(0.0135*100 + 100) -> 101.35 | N5: Payments | O5: =0.0025*100 -> 0.25 | P5: =0.0025*100 -> 0.25 | Q5: =0.0025*100 -> 0.25 | R5: =0.0025*100 -> 0.25 | S5: =0.0025*100 -> 0.25 | T5: =0.0025*100 -> 0.25 | U5: =100+0.0025*100 -> 100.25
A6: no | B6: 45931 | C6: 99.7079 | E6: =6/12 -> 0.5 | F6: =C6/100 -> 0.997079 | G6: =(F6 ^ -(1/E6)) - 1 -> 0.0058676968 | H6: Disc Val | I6: =I5*(1+G6)^(-I4) -> 1.3460566 | J6: Interpolation | M6: unknown | N6: i(0,T) | O6: =((E5-O4)*G4 + (O4-E4)*G5 )/ (E5-E4) -> 0.0021735246 | P6: =G7 -> 0.013036279 | Q6: =($J$9- $J$8)/($I$9- $I$8)*(Q4-$I$8) + $J$8 -> 0.020498467 | R6: =($J$9- $J$8)/($I$9- $I$8)*(R4-$I$8) + $J$8 -> 0.022037604 | S6: =($J$9- $J$8)/($I$9- $I$8)*(S4-$I$8) + $J$8 -> 0.023551646 | T6: Interpol | U6: unknown
A7: no | B7: 46023 | C7: 99.0333 | E7: =9/12 -> 0.75 | F7: =C7/100 -> 0.990333 | G7: =(F7 ^ -(1/E7)) - 1 -> 0.013036279 | I7: T | N7: DiscVal | O7: =O5*(1+O6)^(-O4) -> 0.24986471 | P7: =P5*(1+P6)^(-P4) -> 0.24757227 | Q7: =Q5*(1+Q6)^(-Q4) -> 0.24374213 | R7: =R5*(1+R6)^(-R4) -> 0.24062489 | S7: =S5*(1+S6)^(-S4) -> 0.23724659
A8: no | B8: 46082 | C8: 98.2459 | E8: =11/12 -> 0.91666667 | F8: =C8/100 -> 0.982459 | G8: =(F8^-(1/E8))-1 -> 0.01949301 | H8: i(0,0.92) | I8: 0.92 | J8: =G8 -> 0.01949301
A9: 0.027 | B9: 46661 | C9: 100.71 | H9: i(0,2.5) | I9: 2.5 | J9: 0.024317032 | K9: unknown | O9: i(0,2.5) | P9: 2.5 | Q9: =J9 -> 0.024317032
A10: 0.005 | B10: 46935 | C10: 93.67 | H10: T | I10: 1 | J10: 1.5 | K10: 2 | L10: 2.5 | O10: i(0,3.25) | P10: 3.25 | Q10: 0.025603034 | S10: unknown
H11: i(0,T) | I11: =($J$9- $J$8)/($I$9- $I$8)*(I10-$I$8) + $J$8 -> 0.019737264 | J11: =($J$9- $J$8)/($I$9- $I$8)*(J10-$I$8) + $J$8 -> 0.021263853 | K11: =($J$9- $J$8)/($I$9- $I$8)*(K10-$I$8) + $J$8 -> 0.022790443 | L11: =($J$9- $J$8)/($I$9- $I$8)*(L10-$I$8) + $J$8 -> 0.024317032 | O11: T | P11: 2.75 | Q11: 3.25
H12: Disc Val | I12: =J5/(1+I11)^I10 -> 1.3238704 | J12: =K5/(1+J11)^J10 -> 1.3080575 | K12: =L5/(1+K11)^K10 -> 1.2905072 | L12: =M5/(1+L11)^L10 -> 95.441612 | O12: i(0,T) | P12: =((P10-P11)*Q9 + (P11-P9)*Q10 )/ (P10-P9) -> 0.024745699 | Q12: =($Q10- $Q$9)/($P$10- $P$9)*(Q11-$P$9) + $Q$9 -> 0.025603034 | R12: formula i per interpolazione lineare
O13: DiscVal | P13: =T5*(1+P12)^(-P11) -> 0.23374683 | Q13: =U5*(1+Q12)^(-Q11) -> 92.342508
I14: Discounted price | J14: =SUM(I12:L12) + I6 -> 100.7101
I15: Market Price | J15: 100.71 | O15: Discounted Price | Q15: =SUM(O7:S7)+P13+Q13 -> 93.795306
O16: Market Price | Q16: =C10 -> 93.67
I17: Looking for J9 such that J14=J15 | L17: Difference | M17: =J15-J14 -> -0.00010418609 | O17: Accrual | Q17: =1/4* 0.005*100 -> 0.125
S18: Difference | T18: =Q16-Q15+Q17 -> -0.00030558006

Sheet punto 1
A1: Coupon bond with maturity 1 apr 27
A3: Dates | D3: 45931 | E3: 46113 | F3: 46296 | G3: 46478
A4: Time to mat | D4: 0.5 | E4: 1 | F4: 1.5 | G4: 2
A5: Payments | D5: =(0.01*100) -> 1 | E5: =(0.01*100) -> 1 | F5: =(0.01*100) -> 1 | G5: =(0.01*100)+100 -> 101
A6: Disc Val | D6: =D5*(1+'curva_i (punto 1)'!G6)^(-0.5) -> 0.997079 | E6: =E5*(1+'curva_i (punto 1)'!I11)^(-1) -> 0.98064476 | F6: =F5*(1+'curva_i (punto 1)'!J11)^(-1.5) -> 0.96893146 | G6: =G5*(1+'curva_i (punto 1)'!K11)^(-2) -> 96.54906
A8: T*xn | D8: =D4*D6 -> 0.4985395 | E8: =E4*E6 -> 0.98064476 | F8: =F4*F6 -> 1.4533972 | G8: =G4*G6 -> 193.09812
A10: flussi convexity | D10: =D4*(D4+1)*D5*(1+0.021286)^(-'punto 1'!D4-2) -> 0.71152935 | E10: =E4*(E4+1)*E5*(1+0.022801)^(-'punto 1'!E4-2) -> 1.8692034 | F10: =F4*(F4+1)*F5*(1+0.024317)^(-'punto 1'!F4-2) -> 3.4475529 | G10: =G4*(G4+1)*G5*(1+0.025208308)^(-'punto 1'!G4-2) -> 548.56003
B12: Market Price | C12: =SUM(D6:G6) -> 99.495716
B14: DURATION | C14: =SUM(D8:G8)/C12 -> 1.9702426
B15: CONVEXITY | C15: =SUM(D10:G10)/C12 -> 5.5739919

Sheet +0,02
A1: Today | B1: 45748 | E1: ZCB+0,02% | H1: Coupon bond with maturity 1 ott 27 | N1: Coupon bond with maturity 1 lug 28 | X1: +0,02%
A3: Coupon | B3: Maturity | C3: Price | E3: Time to maturity (T) | F3: p(0,T) | G3: i(0,T) | H3: Dates | I3: 45931 | J3: 46113 | K3: 46296 | L3: 46478 | M3: 46661 | N3: Dates | O3: 45839 | P3: 46023 | Q3: 46204 | R3: 46388 | S3: 46569 | T3: 46753 | U3: 46935 | X3: Dates | AA3: 45931 | AB3: 46113 | AC3: 46296 | AD3: 46478
A4: no | B4: 45778 | C4: 99.99874 | E4: =1/12 -> 0.083333333 | F4: =C4/100 -> 0.9999874 | G4: =((F4 ^ -(1/E4)) - 1)+0.0002 -> 0.00035121238 | H4: Time to mat | I4: 0.5 | J4: 1 | K4: 1.5 | L4: 2 | M4: 2.5 | N4: Time to mat (T) | O4: =(O3-$B$1)/365 -> 0.24931507 | P4: =(P3-$B$1)/365 -> 0.75342466 | Q4: =(Q3-$B$1)/365 -> 1.2493151 | R4: =(R3-$B$1)/365 -> 1.7534247 | S4: =(S3-$B$1)/365 -> 2.2493151 | T4: =(T3-$B$1)/365 -> 2.7534247 | U4: =(U3-$B$1)/365 -> 3.2520548 | X4: Time to mat | AA4: 0.5 | AB4: 1 | AC4: 1.5 | AD4: 2
A5: no | B5: 45901 | C5: 99.825 | E5: =5/12 -> 0.41666667 | F5: =C5/100 -> 0.99825 | G5: =((F5 ^ -(1/E5)) - 1)+0.0002 -> 0.0044125271 | H5: Payments | I5: =(0.0135*100) -> 1.35 | J5: =(0.0135*100) -> 1.35 | K5: =(0.0135*100) -> 1.35 | L5: =(0.0135*100) -> 1.35 | M5: =(0.0135*100 + 100) -> 101.35 | N5: Payments | O5: =0.0025*100 -> 0.25 | P5: =0.0025*100 -> 0.25 | Q5: =0.0025*100 -> 0.25 | R5: =0.0025*100 -> 0.25 | S5: =0.0025*100 -> 0.25 | T5: =0.0025*100 -> 0.25 | U5: =100+0.0025*100 -> 100.25 | X5: Payments | AA5: 1 | AB5: 1 | AC5: 1 | AD5: 101
A6: no | B6: 45931 | C6: 99.7079 | E6: =6/12 -> 0.5 | F6: =C6/100 -> 0.997079 | G6: =((F6 ^ -(1/E6)) - 1)+0.0002 -> 0.0060676968 | H6: Disc Val | I6: =I5*(1+ G6)^(-I4) -> 1.3459228 | J6: Interpolation | M6: unknown | N6: i(0,T) | O6: =((E5-O4)*G4 + (O4-E4)*G5 )/ (E5-E4) -> 0.0023735246 | P6: =G7 -> 0.013236279 | Q6: =($J$9- $J$8)/($I$9- $I$8)*(Q4-$I$8) + $J$8 -> 0.020656178 | R6: =($J$9- $J$8)/($I$9- $I$8)*(R4-$I$8) + $J$8 -> 0.022130579 | S6: =($J$9- $J$8)/($I$9- $I$8)*(S4-$I$8) + $J$8 -> 0.02358094 | T6: Interpol | U6: unknown | X6: Disc Val | AA6: =AA5*(1+G6)^(-AA4) -> 0.99697989 | AB6: =AB5*(1+I11)^(-AB4) -> 0.98046234 | AC6: =AC5*(1+J11)^(-AC4) -> 0.96875286 | AD6: =AD5*(1+K11)^(-AD4) -> 96.537486
A7: no | B7: 46023 | C7: 99.0333 | E7: =9/12 -> 0.75 | F7: =C7/100 -> 0.990333 | G7: =((F7 ^ -(1/E7)) - 1)+0.0002 -> 0.013236279 | I7: T | N7: DiscVal | O7: =O5*(1+O6)^(-O4) -> 0.24985228 | P7: =P5*(1+P6)^(-P4) -> 0.24753545 | Q7: =Q5*(1+Q6)^(-Q4) -> 0.24369508 | R7: =R5*(1+R6)^(-R4) -> 0.24058652 | S7: =S5*(1+S6)^(-S4) -> 0.23723131
A8: no | B8: 46082 | C8: 98.2459 | E8: =11/12 -> 0.91666667 | F8: =C8/100 -> 0.982459 | G8: =((F8 ^ -(1/E8)) - 1)+0.0002 -> 0.01969301 | H8: i(0,0.92) | I8: 0.92 | J8: =G8 -> 0.01969301 | Y8: Market Price | Z8: =SUM(AA6:AD6) -> 99.483681
A9: 0.027 | B9: 46661 | C9: 100.71 | H9: i(0,2.5) | I9: 2.5 | J9: 0.024314134 | K9: unknown | O9: i(0,2.5) | P9: 2.5 | Q9: =J9 -> 0.024314134
A10: 0.005 | B10: 46935 | C10: 93.67 | H10: T | I10: 1 | J10: 1.5 | K10: 2 | L10: 2.5 | O10: i(0,3.25) | P10: 3.25 | Q10: 0.02560398 | S10: unknown
H11: i(0,T) | I11: =($J$9- $J$8)/($I$9- $I$8)*(I10-$I$8) + $J$8 -> 0.019926991 | J11: =($J$9- $J$8)/($I$9- $I$8)*(J10-$I$8) + $J$8 -> 0.021389372 | K11: =($J$9- $J$8)/($I$9- $I$8)*(K10-$I$8) + $J$8 -> 0.022851753 | L11: =($J$9- $J$8)/($I$9- $I$8)*(L10-$I$8) + $J$8 -> 0.024314134 | O11: T | P11: 2.75 | Q11: 3.25
H12: Disc Val | I12: =J5/(1+ I11)^I10 -> 1.3236242 | J12: =K5/(1+ J11)^J10 -> 1.3078164 | K12: =L5/(1+ K11)^K10 -> 1.2903525 | L12: =M5/(1+ L11)^L10 -> 95.442287 | O12: i(0,T) | P12: =((P10-P11)*Q9 + (P11-P9)*Q10 )/ (P10-P9) -> 0.024744083 | Q12: =($Q10- $Q$9)/($P$10- $P$9)*(Q11-$P$9) + $Q$9 -> 0.02560398 | R12: formula i per interpolazione lineare
O13: DiscVal | P13: =T5*(1+P12)^(-P11) -> 0.23374784 | Q13: =U5*(1+Q12)^(-Q11) -> 92.342231
I14: Discounted price | J14: =SUM(I12:L12) + I6 -> 100.71
I15: Market Price | J15: 100.71 | O15: Discounted Price | Q15: =SUM(O7:S7)+P13+Q13 -> 93.79488
O16: Market Price | Q16: =C10 -> 93.67
I17: Looking for J9 such that J14=J15 | L17: Difference | M17: =J15-J14 -> -3.3272621e-06 | O17: Accrual | Q17: =1/4* 0.005*100 -> 0.125
S18: Difference | T18: =Q16-Q15+Q17 -> 0.00012026689

Sheet -0,02
A1: Today | B1: 45748 | E1: ZCB-0,02% | H1: Coupon bond with maturity 1 ott 27 | N1: Coupon bond with maturity 1 lug 28 | X1: -0,02%
A3: Coupon | B3: Maturity | C3: Price | E3: Time to maturity (T) | F3: p(0,T) | G3: i(0,T) | H3: Dates | I3: 45931 | J3: 46113 | K3: 46296 | L3: 46478 | M3: 46661 | N3: Dates | O3: 45839 | P3: 46023 | Q3: 46204 | R3: 46388 | S3: 46569 | T3: 46753 | U3: 46935 | X3: Dates | AA3: 45931 | AB3: 46113 | AC3: 46296 | AD3: 46478
A4: no | B4: 45778 | C4: 99.99874 | E4: =1/12 -> 0.083333333 | F4: =C4/100 -> 0.9999874 | G4: =((F4 ^ -(1/E4)) - 1)-0.0002 -> -4.8787616e-05 | H4: Time to mat | I4: 0.5 | J4: 1 | K4: 1.5 | L4: 2 | M4: 2.5 | N4: Time to mat (T) | O4: =(O3-$B$1)/365 -> 0.24931507 | P4: =(P3-$B$1)/365 -> 0.75342466 | Q4: =(Q3-$B$1)/365 -> 1.2493151 | R4: =(R3-$B$1)/365 -> 1.7534247 | S4: =(S3-$B$1)/365 -> 2.2493151 | T4: =(T3-$B$1)/365 -> 2.7534247 | U4: =(U3-$B$1)/365 -> 3.2520548 | X4: Time to mat | AA4: 0.5 | AB4: 1 | AC4: 1.5 | AD4: 2
A5: no | B5: 45901 | C5: 99.825 | E5: =5/12 -> 0.41666667 | F5: =C5/100 -> 0.99825 | G5: =((F5 ^ -(1/E5)) - 1)-0.0002 -> 0.0040125271 | H5: Payments | I5: =(0.0135*100) -> 1.35 | J5: =(0.0135*100) -> 1.35 | K5: =(0.0135*100) -> 1.35 | L5: =(0.0135*100) -> 1.35 | M5: =(0.0135*100 + 100) -> 101.35 | N5: Payments | O5: =0.0025*100 -> 0.25 | P5: =0.0025*100 -> 0.25 | Q5: =0.0025*100 -> 0.25 | R5: =0.0025*100 -> 0.25 | S5: =0.0025*100 -> 0.25 | T5: =0.0025*100 -> 0.25 | U5: =100+0.0025*100 -> 100.25 | X5: Payments | AA5: 1 | AB5: 1 | AC5: 1 | AD5: 101
A6: no | B6: 45931 | C6: 99.7079 | E6: =6/12 -> 0.5 | F6: =C6/100 -> 0.997079 | G6: =((F6 ^ -(1/E6)) - 1)-0.0002 -> 0.0056676968 | H6: Disc Val | I6: =I5*(1+G6)^(-I4) -> 1.3461905 | J6: Interpolation | M6: unknown | N6: i(0,T) | O6: =((E5-O4)*G4 + (O4-E4)*G5 )/ (E5-E4) -> 0.0019735246 | P6: =G7 -> 0.012836279 | Q6: =($J$9- $J$8)/($I$9- $I$8)*(Q4-$I$8) + $J$8 -> 0.020340939 | R6: =($J$9- $J$8)/($I$9- $I$8)*(R4-$I$8) + $J$8 -> 0.021945091 | S6: =($J$9- $J$8)/($I$9- $I$8)*(S4-$I$8) + $J$8 -> 0.023523088 | T6: Interpol | U6: unknown | X6: Disc Val | AA6: =AA5*(1+G6)^(-AA4) -> 0.99717814 | AB6: =AB5*(1+I11)^(-AB4) -> 0.9808272 | AC6: =AC5*(1+J11)^(-AC4) -> 0.96910966 | AD6: =AD5*(1+K11)^(-AD4) -> 96.560524
A7: no | B7: 46023 | C7: 99.0333 | E7: =9/12 -> 0.75 | F7: =C7/100 -> 0.990333 | G7: =((F7 ^ -(1/E7)) - 1)-0.0002 -> 0.012836279 | I7: T | N7: DiscVal | O7: =O5*(1+O6)^(-O4) -> 0.24987714 | P7: =P5*(1+P6)^(-P4) -> 0.2476091 | Q7: =Q5*(1+Q6)^(-Q4) -> 0.24378914 | R7: =R5*(1+R6)^(-R4) -> 0.24066309 | S7: =S5*(1+S6)^(-S4) -> 0.23726148
A8: no | B8: 46082 | C8: 98.2459 | E8: =11/12 -> 0.91666667 | F8: =C8/100 -> 0.982459 | G8: =((F8 ^ -(1/E8)) - 1)-0.0002 -> 0.01929301 | H8: i(0,0.92) | I8: 0.92 | J8: =G8 -> 0.01929301 | Y8: Market Price | Z8: =SUM(AA6:AD6) -> 99.507639
A9: 0.027 | B9: 46661 | C9: 100.71 | H9: i(0,2.5) | I9: 2.5 | J9: 0.024320805 | K9: unknown | O9: i(0,2.5) | P9: 2.5 | Q9: =J9 -> 0.024320805
A10: 0.005 | B10: 46935 | C10: 93.67 | H10: T | I10: 1 | J10: 1.5 | K10: 2 | L10: 2.5 | O10: i(0,3.25) | P10: 3.25 | Q10: 0.02560398 | S10: unknown
H11: i(0,T) | I11: =($J$9- $J$8)/($I$9- $I$8)*(I10-$I$8) + $J$8 -> 0.019547581 | J11: =($J$9- $J$8)/($I$9- $I$8)*(J10-$I$8) + $J$8 -> 0.021138656 | K11: =($J$9- $J$8)/($I$9- $I$8)*(K10-$I$8) + $J$8 -> 0.02272973 | L11: =($J$9- $J$8)/($I$9- $I$8)*(L10-$I$8) + $J$8 -> 0.024320805 | O11: T | P11: 2.75 | Q11: 3.25
H12: Disc Val | I12: =J5/(1+I11)^I10 -> 1.3241167 | J12: =K5/(1+J11)^J10 -> 1.308298 | K12: =L5/(1+K11)^K10 -> 1.2906605 | L12: =M5/(1+L11)^L10 -> 95.440734 | O12: i(0,T) | P12: =((P10-P11)*Q9 + (P11-P9)*Q10 )/ (P10-P9) -> 0.02474853 | Q12: =($Q10- $Q$9)/($P$10- $P$9)*(Q11-$P$9) + $Q$9 -> 0.02560398 | R12: formula i per interpolazione lineare
O13: DiscVal | P13: =T5*(1+P12)^(-P11) -> 0.23374505 | Q13: =U5*(1+Q12)^(-Q11) -> 92.342231
I14: Discounted price | J14: =SUM(I12:L12) + I6 -> 100.71
I15: Market Price | J15: 100.71 | O15: Discounted Price | Q15: =SUM(O7:S7)+P13+Q13 -> 93.795176
O16: Market Price | Q16: =C10 -> 93.67
I17: Looking for J9 such that J14=J15 | L17: Difference | M17: =J15-J14 -> 6.3073711e-07 | O17: Accrual | Q17: =1/4* 0.005*100 -> 0.125
S18: Difference | T18: =Q16-Q15+Q17 -> -0.000176259

Sheet punto 4 + 5 + 6
A1: Coupon bond with maturity 1 giu 29
A3: Dates | B3: 45748 | C3: 45809 | D3: 45992 | E3: 46174 | F3: 46357 | G3: 46539 | H3: 46722 | I3: 46905 | J3: 47088 | K3: 47270
A4: Time to mat | B4: 0 | C4: =2/12 -> 0.16666667 | D4: =C4+0.5 -> 0.66666667 | E4: =14/12 -> 1.1666667 | F4: 1.6666667 | G4: 2.1666667 | H4: 2.6666667 | I4: 3.1666667 | J4: 3.6666667 | K4: 4.1666667
A5: Payments | B5: =-(2/3)*1 -> -0.66666667 | C5: =(0.01*100) -> 1 | D5: =(0.01*100) -> 1 | E5: =(0.01*100) -> 1 | F5: =(0.01*100) -> 1 | G5: =(0.01*100) -> 1 | H5: =1 -> 1 | I5: =(0.01*100) -> 1 | J5: 1 | K5: 101
B7: T | C7: 0.17 | D7: 0.67 | E7: 1.17 | F7: 1.67 | G7: 2.17 | H7: 2.67 | I7: 3.17 | J7: 3.67 | K7: 4.17
B8: i(0,T) | C8: =((A21-C7) *B20+(C7-A20)*B21 )/(A21-A20) -> 0.001226266 | D8: =((A23-D7) *B22+(D7-A22)*B23 )/(A23-A22) -> 0.010742333 | E8: =($B$25- $B$24)/($A$25- $A$24)*(E7-$A$24) + $B$24 -> 0.020256305 | F8: =($B$25- $B$24)/($A$25- $A$24)*(F7-$A$24) + $B$24 -> 0.021782894 | G8: =($B$25- $B$24)/($A$25- $A$24)*(G7-$A$24) + $B$24 -> 0.023309483 | H8: =((A26-H7) *B25+(H7-A25)*B26 )/(A26-A25) -> 0.024608526 | I8: =((A26-I7) *B25+(I7-A25)*B26 )/(A26-A25) -> 0.02546586 | J8: =(-(J7-A26)*B25+(J7-A25)*B26)/(A26-A25) -> 0.026323195 | K8: =(-(K7-A26)*B25+(K7-A25)*B26)/(A26-A25) -> 0.027180529
B9: disc value | C9: =C5*(1+C8)^(-C4) -> 0.99979577 | D9: =D5*(1+D8)^(-D4) -> 0.99290195 | E9: =E5*(1+E8)^(-E4) -> 0.97687538 | F9: =F5*(1+F8)^(-F4) -> 0.96472223 | G9: =G5*(1+G8)^(-G4) -> 0.95130147 | H9: =H5*(1+H8)^(-H4) -> 0.93722837 | I9: =I5*(1+I8)^(-I4) -> 0.92345594 | J9: =J5*(1+J8)^(-J7) -> 0.90904879 | K9: =K5*(1+K8)^(-K7) -> 90.31384
A11: T*xn | C11: =C4*C9 -> 0.16663263 | D11: =D4*D9 -> 0.66193463 | E11: =E4*E9 -> 1.1396879 | F11: =F4*F9 -> 1.6078704 | G11: =G4*G9 -> 2.0611532 | H11: =H4*H9 -> 2.4992757 | I11: =I4*I9 -> 2.9242771 | J11: =J4*J9 -> 3.3331789 | K11: =K4*K9 -> 376.30767
A12: flussi convexity | C12: =C4*(C4+1)*C5*(1+C8)^(-C4-2) -> 0.19392882 | D12: =D4*(D4+1)*D5*(1+D8)^(-D4-2) -> 1.0798985 | E12: =E4*(E4+1)*E5*(1+E8)^(-E4-2) -> 2.3722447 | F12: =F4*(F4+1)*F5*(1+F8)^(-F4-2) -> 4.1067902 | G12: =G4*(G4+1)*G5*(1+G8)^(-G4-2) -> 6.2330215 | H12: =H4*(H4+1)*H5*(1+H8)^(-H4-2) -> 8.7291038 | I12: =I4*(I4+1)*I5*(1+I8)^(-I4-2) -> 11.586836 | J12: =J4*(J4+1)*J5*(1+J8)^(-J4-2) -> 14.768444 | K12: =K4*(K4+1)*K5*(1+K8)^(-K4-2) -> 1842.8873 | M12: DURATION PORTAFOGLIO | N12: =0.4*'punto 1'!C14+0.6*'punto 4 + 5 + 6'!D16 -> 3.1809009
C14: Discounted Price | D14: =SUM(C9:K9) -> 97.96917 | M14: CONVEXITY PORTAFOGLIO | N14: =0.4*'punto 1'!C15 + 0.6*'punto 4 + 5 + 6'!D17 -> 13.816656
N15: w2 | O15: w1
C16: DURATION | D16: =SUM(C11:K11)/D14 -> 3.9880064 | M16: IMMUNIZZAZIONE | N16: =(4000*N18*(3-2))/ (D14*( 4.17-2)) -> 1746.295 | O16: =4000*N18*(4.17-3)/('punto 1'!C12*(4.17-2)) -> 2011.8172
C17: CONVEXITY | D17: =SUM(C12:K12)/D14 -> 19.311765
M18: prezzo ZCB t=3 | N18: =100*(1+N19)^(-3) -> 92.812567
M19: i(T=3) | N19: =((A26-3) *B25+(3-A25)*B26 )/(A26-A25) -> 0.025174367
A20: 0.08 | B20: 0.000151212
A21: 0.42 | B21: 0.004212527
A22: 0.5 | B22: 0.005867697
A23: 0.75 | B23: 0.013036279
A24: 0.92 | B24: 0.01949301
A25: 2.5 | B25: 0.024317032
A26: 3.25 | B26: 0.025603034

Sheet punto 4 +0,02
A1: Coupon bond with maturity 1 giu 29
A3: Dates | B3: 45748 | C3: 45809 | D3: 45992 | E3: 46174 | F3: 46357 | G3: 46539 | H3: 46722 | I3: 46905 | J3: 47088 | K3: 47270
A4: Time to mat | B4: 0 | C4: =2/12 -> 0.16666667 | D4: =C4+0.5 -> 0.66666667 | E4: =14/12 -> 1.1666667 | F4: 1.6666667 | G4: 2.1666667 | H4: 2.6666667 | I4: 3.1666667 | J4: 3.6666667 | K4: 4.1666667
A5: Payments | B5: =-(2/3)*1 -> -0.66666667 | C5: =(0.01*100) -> 1 | D5: =(0.01*100) -> 1 | E5: =(0.01*100) -> 1 | F5: =(0.01*100) -> 1 | G5: =(0.01*100) -> 1 | H5: =1 -> 1 | I5: =(0.01*100) -> 1 | J5: 1 | K5: 101
B7: T | C7: 0.17 | D7: 0.67 | E7: 1.17 | F7: 1.67 | G7: 2.17 | H7: 2.67 | I7: 3.17 | J7: 3.67 | K7: 4.17
B8: i(0,T) | C8: =((A21-C7) *B20+(C7-A20)*B21 )/(A21-A20) -> 0.0014262653 | D8: =((A23-D7) *B22+(D7-A22)*B23 )/(A23-A22) -> 0.010942334 | E8: =($B$25- $B$24)/($A$25- $A$24)*(E7-$A$24) + $B$24 -> 0.020424201 | F8: =($B$25- $B$24)/($A$25- $A$24)*(F7-$A$24) + $B$24 -> 0.021886582 | G8: =($B$25- $B$24)/($A$25- $A$24)*(G7-$A$24) + $B$24 -> 0.023348963 | H8: =((A26-H7) *B25+(H7-A25)*B26 )/(A26-A25) -> 0.024606499 | I8: =((A26-I7) *B25+(I7-A25)*B26 )/(A26-A25) -> 0.025466397 | J8: =(-(J7-A26)*B25+(J7-A25)*B26)/(A26-A25) -> 0.026326294 | K8: =(-(K7-A26)*B25+(K7-A25)*B26)/(A26-A25) -> 0.027186191
B9: disc value | C9: =C5*(1+C8)^(-C4) -> 0.99976249 | D9: =D5*(1+D8)^(-D4) -> 0.99277099 | E9: =E5*(1+E8)^(-E4) -> 0.97668787 | F9: =F5*(1+F8)^(-F4) -> 0.96455909 | G9: =G5*(1+G8)^(-G4) -> 0.95122196 | H9: =H5*(1+H8)^(-H4) -> 0.93723331 | I9: =I5*(1+I8)^(-I4) -> 0.92345441 | J9: =J5*(1+J8)^(-J7) -> 0.90903871 | K9: =K5*(1+K8)^(-K7) -> 90.311764
A11: T*xn | C11: =C4*C9 -> 0.16662708 | D11: =D4*D9 -> 0.66184733 | E11: =E4*E9 -> 1.1394692 | F11: =F4*F9 -> 1.6075985 | G11: =G4*G9 -> 2.0609809 | H11: =H4*H9 -> 2.4992888 | I11: =I4*I9 -> 2.9242723 | J11: =J4*J9 -> 3.3331419 | K11: =K4*K9 -> 376.29902
A12: flussi convexity | C12: =C4*(C4+1)*C5*(1+C8)^(-C4-2) -> 0.19384492 | D12: =D4*(D4+1)*D5*(1+D8)^(-D4-2) -> 1.0793289 | E12: =E4*(E4+1)*E5*(1+E8)^(-E4-2) -> 2.3710089 | F12: =F4*(F4+1)*F5*(1+F8)^(-F4-2) -> 4.1052625 | G12: =G4*(G4+1)*G5*(1+G8)^(-G4-2) -> 6.2320196 | H12: =H4*(H4+1)*H5*(1+H8)^(-H4-2) -> 8.7291844 | I12: =I4*(I4+1)*I5*(1+I8)^(-I4-2) -> 11.586805 | J12: =J4*(J4+1)*J5*(1+J8)^(-J4-2) -> 14.768191 | K12: =K4*(K4+1)*K5*(1+K8)^(-K4-2) -> 1842.8246
C14: Discounted Price | D14: =SUM(C9:K9) -> 97.966493
C16: DURATION | D16: =SUM(C11:K11)/D14 -> 3.9880191
C17: CONVEXITY | D17: =SUM(C12:K12)/D14 -> 19.311606
A20: 0.08 | B20: 0.00035121
A21: 0.42 | B21: 0.00441253
A22: 0.5 | B22: 0.0060677
A23: 0.75 | B23: 0.01323628
A24: 0.92 | B24: 0.01969301
A25: 2.5 | B25: 0.024314134
A26: 3.25 | B26: 0.02560398

Sheet punto 4 -0,02
A1: Coupon bond with maturity 1 giu 29
A3: Dates | B3: 45748 | C3: 45809 | D3: 45992 | E3: 46174 | F3: 46357 | G3: 46539 | H3: 46722 | I3: 46905 | J3: 47088 | K3: 47270
A4: Time to mat | B4: 0 | C4: =2/12 -> 0.16666667 | D4: =C4+0.5 -> 0.66666667 | E4: =14/12 -> 1.1666667 | F4: 1.6666667 | G4: 2.1666667 | H4: 2.6666667 | I4: 3.1666667 | J4: 3.6666667 | K4: 4.1666667
A5: Payments | B5: =-(2/3)*1 -> -0.66666667 | C5: =(0.01*100) -> 1 | D5: =(0.01*100) -> 1 | E5: =(0.01*100) -> 1 | F5: =(0.01*100) -> 1 | G5: =(0.01*100) -> 1 | H5: =1 -> 1 | I5: =(0.01*100) -> 1 | J5: 1 | K5: 101
B7: T | C7: 0.17 | D7: 0.67 | E7: 1.17 | F7: 1.67 | G7: 2.17 | H7: 2.67 | I7: 3.17 | J7: 3.67 | K7: 4.17
B8: i(0,T) | C8: =((A21-C7) *B20+(C7-A20)*B21 )/(A21-A20) -> 0.0010262353 | D8: =((A23-D7) *B22+(D7-A22)*B23 )/(A23-A22) -> 0.01054224 | E8: =($B$25- $B$24)/($A$25- $A$24)*(E7-$A$24) + $B$24 -> 0.020088539 | F8: =($B$25- $B$24)/($A$25- $A$24)*(F7-$A$24) + $B$24 -> 0.021679616 | G8: =($B$25- $B$24)/($A$25- $A$24)*(G7-$A$24) + $B$24 -> 0.023270693 | H8: =((A26-H7) *B25+(H7-A25)*B26 )/(A26-A25) -> 0.024611658 | I8: =((A26-I7) *B25+(I7-A25)*B26 )/(A26-A25) -> 0.025467108 | J8: =(-(J7-A26)*B25+(J7-A25)*B26)/(A26-A25) -> 0.026322558 | K8: =(-(K7-A26)*B25+(K7-A25)*B26)/(A26-A25) -> 0.027178009
B9: disc value | C9: =C5*(1+C8)^(-C4) -> 0.99982906 | D9: =D5*(1+D8)^(-D4) -> 0.99303301 | E9: =E5*(1+E8)^(-E4) -> 0.97706282 | F9: =F5*(1+F8)^(-F4) -> 0.96488477 | G9: =G5*(1+G8)^(-G4) -> 0.95137961 | H9: =H5*(1+H8)^(-H4) -> 0.93722073 | I9: =I5*(1+I8)^(-I4) -> 0.92345238 | J9: =J5*(1+J8)^(-J7) -> 0.90905086 | K9: =K5*(1+K8)^(-K7) -> 90.314764
A11: T*xn | C11: =C4*C9 -> 0.16663818 | D11: =D4*D9 -> 0.66202201 | E11: =E4*E9 -> 1.1399066 | F11: =F4*F9 -> 1.6081413 | G11: =G4*G9 -> 2.0613225 | H11: =H4*H9 -> 2.4992553 | I11: =I4*I9 -> 2.9242659 | J11: =J4*J9 -> 3.3331865 | K11: =K4*K9 -> 376.31152
A12: flussi convexity | C12: =C4*(C4+1)*C5*(1+C8)^(-C4-2) -> 0.1940128 | D12: =D4*(D4+1)*D5*(1+D8)^(-D4-2) -> 1.0804688 | E12: =E4*(E4+1)*E5*(1+E8)^(-E4-2) -> 2.3734804 | F12: =F4*(F4+1)*F5*(1+F8)^(-F4-2) -> 4.1083126 | G12: =G4*(G4+1)*G5*(1+G8)^(-G4-2) -> 6.234006 | H12: =H4*(H4+1)*H5*(1+H8)^(-H4-2) -> 8.7289793 | I12: =I4*(I4+1)*I5*(1+I8)^(-I4-2) -> 11.586764 | J12: =J4*(J4+1)*J5*(1+J8)^(-J4-2) -> 14.768495 | K12: =K4*(K4+1)*K5*(1+K8)^(-K4-2) -> 1842.9152 | M12: DURATION PORTAFOGLIO | N12: =0.4*'punto 1'!C14+0.6*'punto 4 -0,02'!D16 -> 3.1808921
C14: Discounted Price | D14: =SUM(C9:K9) -> 97.970677 | M14: CONVEXITY PORTAFOGLIO | N14: =0.4*'punto 1'!C15 + 0.6*'punto 4 -0,02'!D17 -> 13.816674
N15: w2 | O15: w1
C16: DURATION | D16: =SUM(C11:K11)/D14 -> 3.9879918 | M16: IMMUNIZZAZIONE | N16: =(4000*N18*(3-2))/ (D14*( 4.17-2)) -> 1746.2585 | O16: =4000*N18*(4.17-3)/('punto 1'!C12*(4.17-2)) -> 2011.8061
C17: CONVEXITY | D17: =SUM(C12:K12)/D14 -> 19.311796
M18: prezzo ZCB t=3 | N18: =100*(1+N19)^(-3) -> 92.812054
M19: i(T=3) | N19: =((A26-3) *B25+(3-A25)*B26 )/(A26-A25) -> 0.025176255
A20: 0.08 | B20: -4.9e-05
A21: 0.42 | B21: 0.004013
A22: 0.5 | B22: 0.005668
A23: 0.75 | B23: 0.012836
A24: 0.92 | B24: 0.019293
A25: 2.5 | B25: 0.024320805
A26: 3.25 | B26: 0.02560398
